id,ent_shan_1,ent_shan_2,ent_shan_3,ent_shan_4,ent_shan_5,ent_shan_6,ent_shan_7,ent_shan_8,ent_shan_9,ent_shan_10,ent_shan_11,ent_shan_12,ent_shan_13,ent_shan_14,ent_shan_15,ent_shan_16,ent_shan_17,ent_shan_18,ent_shan_19,ent_shan_20,ent_shan_21,ent_shan_22,ent_shan_23,ent_shan_24,ent_shan_25,ent_shan_26,ent_shan_27,ent_shan_28,ent_shan_29,ent_shan_30,ent_shan_31,ent_shan_32,ent_shan_33,ent_shan_34,ent_shan_35,ent_shan_36,ent_shan_37,ent_shan_38,ent_shan_39,ent_shan_40,ent_shan_41,ent_shan_42,ent_shan_43,ent_shan_44,ent_shan_45,ent_shan_46,ent_shan_47,ent_shan_48,ent_shan_49,ent_shan_50,ent_tsal_1,ent_tsal_2,ent_tsal_3,ent_tsal_4,ent_tsal_5,ent_tsal_6,ent_tsal_7,ent_tsal_8,ent_tsal_9,ent_tsal_10,ent_tsal_11,ent_tsal_12,ent_tsal_13,ent_tsal_14,ent_tsal_15,ent_tsal_16,ent_tsal_17,ent_tsal_18,ent_tsal_19,ent_tsal_20,ent_tsal_21,ent_tsal_22,ent_tsal_23,ent_tsal_24,ent_tsal_25,ent_tsal_26,ent_tsal_27,ent_tsal_28,ent_tsal_29,ent_tsal_30,ent_tsal_31,ent_tsal_32,ent_tsal_33,ent_tsal_34,ent_tsal_35,ent_tsal_36,ent_tsal_37,ent_tsal_38,ent_tsal_39,ent_tsal_40,ent_tsal_41,ent_tsal_42,ent_tsal_43,ent_tsal_44,ent_tsal_45,ent_tsal_46,ent_tsal_47,ent_tsal_48,ent_tsal_49,ent_tsal_50,fur_1,fur_2,fur_3,fur_4,fur_5,fur_6,fur_7,fur_8,fur_9,fur_10,fur_11,fur_12,fur_13,fur_14,fur_15,fur_16,fur_17,fur_18,fur_19,label
SRR4450500,2.000387125,3.976975362,5.943153011,7.905421799,9.864405447,11.81901278,13.76193985,15.66374635,17.41196098,18.70415928,19.35932383,19.59978454,19.67745732,19.70433884,19.71732936,19.72574842,19.73284161,19.73917653,19.74511955,19.75080669,19.75630098,19.76160294,19.76676029,19.77176524,19.77664743,19.78143007,19.78614541,19.79070633,19.7952042,19.79960675,19.80391704,19.80814444,19.8123118,19.81641846,19.82046626,19.82444678,19.82835089,19.83218282,19.83595748,19.83968861,19.84337291,19.84701223,19.85059309,19.8541214,19.85758352,19.86098351,19.86433594,19.86765927,19.87093325,19.87415266,0.748631523,0.935107056,0.983062553,0.995554699,0.998828762,0.999689805,0.999916739,0.999976696,0.999992633,0.999996882,0.999998038,0.999998365,0.999998467,0.999998506,0.999998529,0.999998547,0.999998562,0.999998576,0.99999859,0.999998603,0.999998615,0.999998627,0.999998639,0.99999865,0.999998661,0.999998672,0.999998683,0.999998693,0.999998703,0.999998713,0.999998722,0.999998731,0.99999874,0.999998749,0.999998757,0.999998766,0.999998774,0.999998781,0.999998789,0.999998796,0.999998803,0.99999881,0.999998817,0.999998823,0.99999883,0.999998836,0.999998842,0.999998848,0.999998854,0.999998859,2.73E+15,3787079478,2.23E+21,1783947496,1.33E-10,0.782092385,2.16E+18,2.15935E+18,2004233446,2218605962,3787079478,12928626976,2.23E+21,4.66E+36,10710021014,5355010507,790.8156788,0.003793546,0.071018736,Isolated
SRR5918485,1.999132355,3.992793906,5.972944509,7.901941373,9.708448251,11.24296057,12.46381991,13.38060498,14.0307647,14.46472186,14.76829923,15.00534147,15.20895262,15.38926207,15.5546203,15.70847131,15.85028485,15.98202444,16.10498125,16.21934307,16.3266636,16.42452749,16.51603366,16.60139961,16.68195711,16.75893448,16.83140588,16.90029727,16.96488671,17.02642784,17.08533143,17.14179657,17.19619157,17.2485218,17.29912411,17.34809647,17.39583952,17.44221227,17.48688926,17.53006744,17.57181722,17.61228076,17.65149004,17.68965137,17.72640252,17.76229042,17.79735623,17.83159732,17.86500544,17.89757336,0.74969641,0.936879237,0.983799613,0.995564487,0.998595884,0.99939029,0.999634314,0.999722385,0.9997691,0.999800464,0.999824375,0.999843395,0.999859796,0.999873082,0.999884675,0.999895155,0.999904062,0.999911843,0.99991861,0.999924573,0.9999301,0.999934351,0.999937991,0.999941123,0.999943952,0.999946604,0.999948976,0.999951169,0.99995321,0.999955003,0.999956648,0.999958187,0.999959643,0.999960989,0.999962256,0.999963462,0.999964629,0.999965751,0.999966789,0.999967786,0.999968685,0.999969539,0.999970318,0.999971038,0.999971714,0.99997237,0.999973004,0.999973617,0.99997421,0.999974776,2.38E+15,1977789530,3.22E+21,836356551.4,2.52E-10,1.132955368,2.43E+18,2.42659E+18,1051924913,1158779423,1977789530,6776896246,3.22E+21,5.89E+36,5618116823,2809058412,1017.875845,0.002947312,0.071249968,Amplicon
SRR6224397,1.999622953,3.976487116,5.882011387,7.633299265,9.057906216,10.03664368,10.68039259,11.09774818,11.38972719,11.61111454,11.80152352,11.97187855,12.12994443,12.27767751,12.41605079,12.54853095,12.67590301,12.79656926,12.91316544,13.02559487,13.13540444,13.24286774,13.34882469,13.45329814,13.55635244,13.65798932,13.75739821,13.85426381,13.94762439,14.038868,14.12813506,14.21575873,14.30195309,14.38560874,14.4673055,14.54716285,14.62468293,14.7007084,14.77491488,14.84777333,14.91822675,14.98708708,15.05350622,15.11815816,15.17955469,15.23938904,15.29688494,15.35290736,15.40768789,15.46068346,0.749861525,0.935541605,0.981976853,0.994056757,0.997322902,0.998158297,0.998444938,0.998611657,0.998734155,0.998837028,0.998931555,0.999010878,0.999083892,0.99915256,0.999212414,0.999266521,0.999317853,0.999365714,0.999411119,0.999447905,0.99948177,0.999514436,0.999546198,0.999577266,0.99960693,0.999635117,0.999658602,0.999679514,0.999696965,0.999713582,0.999729387,0.999744631,0.999759412,0.999772665,0.999785086,0.999796667,0.999807149,0.999817222,0.999826707,0.999835473,0.999843406,0.999850982,0.999857696,0.999863807,0.99986865,0.999873146,0.999877054,0.999880825,0.999884481,0.999887731,7.03E+13,142951189.4,3.82E+19,50639117.75,3.39E-09,1.834372605,4.56E+16,4.56152E+16,76298646.99,84208405.28,142951189.4,485185082,3.82E+19,2.08E+33,400976676.7,200488338.3,649.2286627,0.004620859,0.070415158,Amplicon
SRR1588386,1.927504726,3.839333758,5.74117254,7.633760937,9.521081773,11.39540345,13.23300311,14.95989655,16.41020431,17.39766366,17.92760921,18.16359139,18.26073074,18.30535019,18.33202063,18.35279734,18.37169259,18.38988259,18.40772339,18.42538051,18.44286988,18.46016954,18.47736007,18.4944255,18.51137457,18.52814293,18.54478488,18.56130918,18.57767979,18.59395092,18.61010351,18.62615787,18.64209271,18.65792114,18.67362939,18.68926133,18.70479059,18.72023054,18.73555434,18.75078246,18.76590516,18.78091928,18.79583464,18.81064768,18.82537518,18.83999836,18.8545479,18.86899338,18.88335732,18.89762507,0.725127156,0.922988435,0.977971456,0.993611533,0.99814732,0.999458885,0.999837859,0.999948514,0.999980885,0.999990439,0.999993349,0.999994279,0.999994608,0.999994756,0.999994845,0.999994917,0.999994981,0.999995042,0.999995101,0.999995159,0.999995215,0.99999527,0.999995324,0.999995377,0.99999543,0.999995481,0.999995532,0.999995582,0.999995632,0.99999568,0.999995728,0.999995776,0.999995823,0.99999587,0.999995916,0.999995962,0.999996007,0.999996052,0.999996096,0.999996139,0.999996183,0.999996226,0.999996268,0.99999631,0.999996352,0.999996393,0.999996434,0.999996475,0.999996515,0.999996554,2.41E+16,40316419350,1.62E+22,19826151836,1.24E-11,0.212911341,1.73E+19,1.73044E+19,21324336892,23616671968,40316419350,1.38E+11,1.62E+22,2.99E+38,1.14E+11,57004324551,718.127803,0.004177522,0.070969146,Isolated
DRR171797,1.995856316,3.983890867,5.960419789,7.92955412,9.895611847,11.85683195,13.80465102,15.71727747,17.48332139,18.76952015,19.38997616,19.60379746,19.66709661,19.68544303,19.69123582,19.69336359,19.69450196,19.69530182,19.69594125,19.69652134,19.69705506,19.69752762,19.69795775,19.69833493,19.69865717,19.69895406,19.69922398,19.69946535,19.69968253,19.69989417,19.70009882,19.70030347,19.70050811,19.7007081,19.70090342,19.70109553,19.70127599,19.70145411,19.70162525,19.70179172,19.70195352,19.702113,19.70227015,19.70242263,19.70257511,19.70272293,19.70287076,19.70301158,19.70314775,19.70328158,0.748565247,0.93604277,0.983500427,0.995708198,0.998878896,0.999705573,0.999921459,0.999978298,0.999993334,0.99999732,0.99999839,0.999998681,0.999998762,0.999998788,0.999998798,0.999998804,0.999998808,0.999998811,0.999998814,0.999998816,0.999998817,0.999998818,0.999998819,0.99999882,0.99999882,0.999998821,0.999998821,0.999998821,0.999998822,0.999998822,0.999998822,0.999998822,0.999998823,0.999998823,0.999998823,0.999998823,0.999998823,0.999998824,0.999998824,0.999998824,0.999998824,0.999998824,0.999998825,0.999998825,0.999998825,0.999998825,0.999998825,0.999998826,0.999998826,0.999998826,1.25E+15,2113362054,7.93E+20,975511709.4,2.28E-10,0.859651767,8.67E+17,8.67197E+17,1119013771,1238623890,2113362054,7206313897,7.93E+20,7.52E+35,5967690007,2983845004,691.9532503,0.004335546,0.070857013,Metagenome
SRR4408141,2.048059395,4.085100053,6.099627929,8.0965846,10.06706918,11.98252526,13.81867938,15.55714574,17.05868529,18.00848595,18.41817654,18.56700907,18.62902265,18.66618561,18.69538168,18.72150172,18.7461641,18.76980583,18.79259586,18.81461412,18.83593154,18.85645044,18.87608541,18.8945967,18.91178748,18.92760664,18.94246234,18.9563915,18.9694711,18.9817319,18.9932553,19.00415551,19.0143559,19.02400696,19.0331147,19.04168637,19.04981765,19.05754478,19.06488681,19.07193098,19.07865002,19.08506677,19.09116683,19.09684265,19.10209866,19.10683454,19.11109169,19.11480061,19.11807432,19.12102458,0.752946626,0.938217558,0.984169083,0.995859347,0.998864555,0.999640164,0.999845516,0.999903541,0.999923626,0.999933351,0.999940069,0.999945747,0.999950916,0.999955636,0.999960019,0.999964108,0.999967953,0.999971529,0.999974879,0.999977968,0.999980025,0.999981689,0.99998315,0.999984502,0.999985766,0.999986908,0.999987972,0.999988956,0.999989853,0.999990661,0.999991397,0.999992063,0.999992676,0.999993246,0.999993771,0.999994251,0.999994702,0.999995126,0.999995517,0.999995882,0.999996215,0.999996513,0.999996779,0.999997007,0.999997189,0.999997342,0.999997473,0.999997591,0.999997695,0.999997787,2.11E+14,560930559,8.97E+19,246345761.8,9.16E-10,0.833825924,1.19E+17,1.19371E+17,298093306,329049534,560930559,1914572754,8.97E+19,1.42E+34,1585523220,792761609.9,566.3038038,0.005297496,0.07087322,Metagenome
SRR7527324,1.999545236,3.989778817,5.968013881,7.934648371,9.894613312,11.84548115,13.77866883,15.65984093,17.34231527,18.49580219,19.02592385,19.21060367,19.27060485,19.29259831,19.30414954,19.31259456,19.32001161,19.32712475,19.33403428,19.34083588,19.34756263,19.35417411,19.36069128,19.36714438,19.37351677,19.37980214,19.38601845,19.39214146,19.39820409,19.40419447,19.41010259,19.41595399,19.42173437,19.42746134,19.43311481,19.43871842,19.44425714,19.44972647,19.45513666,19.46049032,19.46578625,19.47103505,19.47624124,19.48138095,19.48647646,19.49151313,19.4965109,19.50144718,19.50634317,19.51117799,0.749807105,0.936592469,0.98369313,0.995756849,0.998887222,0.999705078,0.999920284,0.999977377,0.99999259,0.999996662,0.999997772,0.999998084,0.999998178,0.999998212,0.99999823,0.999998243,0.999998255,0.999998265,0.999998276,0.999998287,0.999998297,0.999998307,0.999998317,0.999998327,0.999998336,0.999998346,0.999998355,0.999998364,0.999998373,0.999998382,0.999998391,0.9999984,0.999998408,0.999998417,0.999998425,0.999998433,0.999998441,0.999998449,0.999998457,0.999998465,0.999998473,0.999998481,0.999998488,0.999998496,0.999998503,0.99999851,0.999998518,0.999998525,0.999998532,0.999998539,1.56E+14,311045036.5,1.05E+20,123597995,1.90E-09,1.951416012,1.12E+17,1.11978E+17,166263162.9,182590822.5,311045036.5,1063060367,1.05E+20,1.25E+34,880469544.1,440234772,716.5615781,0.004186652,0.071168859,SAGs
SRR9289426,2.005285576,3.991788854,5.974207664,7.947099331,9.913258648,11.87036605,13.80085907,15.67713085,17.33508472,18.41191953,18.88416735,19.0466156,19.09876035,19.11695266,19.1252312,19.13027648,19.13416096,19.1376046,19.14077312,19.14375982,19.14660916,19.14928688,19.15185682,19.15431131,19.15665448,19.15888807,19.16098486,19.16295742,19.16484478,19.16662628,19.16832527,19.16995795,19.17153308,19.17306435,19.17453649,19.17596636,19.17736302,19.17872347,19.18003816,19.18128676,19.18246071,19.18358693,19.18466041,19.1856859,19.18666765,19.18761126,19.18850801,19.18933718,19.19013168,19.19089492,0.750217967,0.936332424,0.983679575,0.995762497,0.998888959,0.999704186,0.999916743,0.999973564,0.999989017,0.99999337,0.99999473,0.999995259,0.999995536,0.999995739,0.999995913,0.999996064,0.999996206,0.999996341,0.999996466,0.999996587,0.999996699,0.999996803,0.999996903,0.999996997,0.999997083,0.999997165,0.999997241,0.99999731,0.999997376,0.999997435,0.999997491,0.999997543,0.999997594,0.999997641,0.999997687,0.999997729,0.99999777,0.999997808,0.999997844,0.999997878,0.999997909,0.999997938,0.999997965,0.999997989,0.999998012,0.999998034,0.999998054,0.999998073,0.999998091,0.999998108,5.01E+12,29747121.3,1.95E+18,6808737.666,4.03E-08,4.570707045,2.54E+15,2.54185E+15,15761811.46,17696161.87,29747121.3,101222268,1.95E+18,6.46E+30,83526106.08,41763053.04,507.2959798,0.005913672,0.070841491,Metagenome
SRR957754,2.017782526,4.006762158,5.877911818,7.412556909,8.496254823,9.152223863,9.542077708,9.785493312,9.960795312,10.10083569,10.22232511,10.33022564,10.42906436,10.52158589,10.6091171,10.6913501,10.77113574,10.84879173,10.92452177,10.99878922,11.07200041,11.14404652,11.21452445,11.28400447,11.35246092,11.42042755,11.48801168,11.55500574,11.62112297,11.68674172,11.75180596,11.81628901,11.88041596,11.94349043,12.00578344,12.06746494,12.12880167,12.18970303,12.25023856,12.31040504,12.37013891,12.42955457,12.48861581,12.54733597,12.60556431,12.66337029,12.72060919,12.77725135,12.83333125,12.88880136,0.748022303,0.935168979,0.981172322,0.992472248,0.995659536,0.996519035,0.996807726,0.996962944,0.997083775,0.997188175,0.997283114,0.997367894,0.997447721,0.997523987,0.997598551,0.997666218,0.997732116,0.997797237,0.997861229,0.997924432,0.997987269,0.998047269,0.998104288,0.998160891,0.998216388,0.998271438,0.998326035,0.998379856,0.99843313,0.99848561,0.998536421,0.99858658,0.9986364,0.998684719,0.99873228,0.998774033,0.998814785,0.99885428,0.998892803,0.998930769,0.998967714,0.999004217,0.999038412,0.999069032,0.99909774,0.999125704,0.999152705,0.999179083,0.999205211,0.999231053,7.43E+14,2171624171,2.88E+20,1033330020,2.30E-10,0.38722905,4.06E+17,4.05541E+17,1153160558,1276740317,2171624171,7417342508,2.88E+20,1.64E+35,6140602191,3070301095,545.4646752,0.005499882,0.070901349,Amplicon
SRR3453931,1.986913394,3.963485653,5.926140702,7.842721294,9.591248718,11.02568296,12.1023955,12.90702545,13.45994224,13.7951713,14.00960915,14.16685693,14.30032046,14.42079742,14.53322836,14.63929365,14.73961391,14.83526906,14.92630022,15.0137728,15.09646398,15.17576008,15.25171625,15.32521754,15.39580772,15.4639022,15.5297503,15.5932835,15.65501356,15.71508901,15.77345055,15.83020817,15.88539723,15.93943438,15.99242972,16.0442881,16.09503597,16.14480006,16.19359401,16.24143004,16.28830812,16.33421638,16.37925258,16.42339438,16.46676542,16.50938971,16.55134454,16.59269333,16.63336114,16.67332073,0.745411957,0.934122102,0.98267148,0.995177676,0.998388418,0.999238168,0.999465855,0.999544409,0.999580586,0.999604246,0.999624279,0.999640414,0.99965514,0.999668678,0.999681447,0.999693536,0.999704672,0.999714825,0.99972404,0.99973277,0.999740471,0.999747778,0.999754472,0.999760947,0.999767046,0.999772867,0.999778473,0.999783859,0.999789063,0.999794079,0.999798814,0.999803388,0.999807798,0.999812115,0.999816315,0.999820403,0.999824403,0.999828297,0.999832098,0.999835805,0.999839436,0.999842996,0.999846482,0.999849883,0.999853212,0.999856477,0.999859664,0.999862568,0.999865239,0.999867577,3.57E+16,29857402710,4.82E+22,14229552151,1.68E-11,0.36508943,3.63E+19,3.62809E+19,15784872861,17489353945,29857402710,1.02E+11,4.82E+22,1.32E+39,84386163676,42193081838,1016.136687,0.002952356,0.071015819,Amplicon
SRR5215510,1.975847253,3.921156605,5.858856958,7.784782876,9.704547628,11.61669274,13.50728492,15.35615334,17.06009712,18.36681325,19.12705864,19.46961613,19.59827379,19.64416656,19.66142307,19.66918851,19.67411283,19.67801559,19.68137976,19.68445745,19.68732111,19.69003409,19.69260751,19.69507117,19.6974056,19.69963457,19.70179217,19.70389065,19.7059534,19.70796699,19.70993402,19.71187792,19.71379,19.71567727,19.71752533,19.71932735,19.72110571,19.72285324,19.72457494,19.72627023,19.72795254,19.72960897,19.73124933,19.73287732,19.7344894,19.73607182,19.73762185,19.73914149,19.7406398,19.74212578,0.738705627,0.929441703,0.980863264,0.994695114,0.998516314,0.999579613,0.99987376,0.999958246,0.999983249,0.999991076,0.99999397,0.999995277,0.999996009,0.999996484,0.999996829,0.999997082,0.999997274,0.999997426,0.999997544,0.999997639,0.999997714,0.999997771,0.999997821,0.999997864,0.999997902,0.999997937,0.99999797,0.999998001,0.999998031,0.99999806,0.999998088,0.999998116,0.999998142,0.999998168,0.999998192,0.999998216,0.99999824,0.999998262,0.999998285,0.999998306,0.999998328,0.999998349,0.999998369,0.999998389,0.999998409,0.999998428,0.999998447,0.999998465,0.999998484,0.999998502,1.21E+16,19644514033,8.30E+21,9577626226,2.49E-11,0.293125052,8.81E+18,8.81016E+18,10393408156,11514555712,19644514033,67112586414,8.30E+21,7.76E+37,55598030702,27799015351,726.2895488,0.004130577,0.07104244,Metagenome
ERR867923,1.985283899,3.958743605,5.91600875,7.741714722,9.241927169,10.20604254,10.73412948,11.03449135,11.22518814,11.36601167,11.48278437,11.58927754,11.68660209,11.78026805,11.86919782,11.95330818,12.03508604,12.11371295,12.18802807,12.26080857,12.33017994,12.39701903,12.46256138,12.52514743,12.58503993,12.64196017,12.69715697,12.75075547,12.80323403,12.8548093,12.90502644,12.95417514,13.00225889,13.04952382,13.09619426,13.14220939,13.18700501,13.23106361,13.27454492,13.31750357,13.35996553,13.40183381,13.44295173,13.48321012,13.52257368,13.56157682,13.60029015,13.63863388,13.67668361,13.71443049,0.744908857,0.933766326,0.982478873,0.994659873,0.9979283,0.998797609,0.999041303,0.99913883,0.99919467,0.99923546,0.999269232,0.999299177,0.999325232,0.999350235,0.999372383,0.999393076,0.999412876,0.999431012,0.999447073,0.999462683,0.999476475,0.999489411,0.999502003,0.999513749,0.999524131,0.99953301,0.999541457,0.999549557,0.999557425,0.999565145,0.999571978,0.999578436,0.999584643,0.99959059,0.999596425,0.999602134,0.99960763,0.999612968,0.999618204,0.999623366,0.999628439,0.999633434,0.999638246,0.99964293,0.999647449,0.9996519,0.999656297,0.99966063,0.999664922,0.999669155,2.81E+16,26203801135,3.38E+22,10406745652,1.91E-11,0.364241728,2.70E+19,2.70007E+19,13873427423,15356353999,26203801135,89583399613,3.38E+22,7.29E+38,74227045613,37113522807,962.4557553,0.003117023,0.071045617,Amplicon
SRR6880359,1.998468585,3.983836061,5.964838252,7.936171938,9.899482889,11.84886959,13.77124764,15.6511533,17.3871614,18.64636626,19.26024154,19.48648253,19.56378856,19.59406624,19.61031607,19.62237447,19.63273478,19.64211667,19.65059899,19.65844746,19.66587861,19.67296403,19.67965462,19.68604402,19.6921031,19.69788518,19.70343927,19.70874121,19.71378345,19.71860034,19.72316698,19.72750542,19.73162042,19.73548705,19.73911403,19.74248103,19.7456203,19.74858424,19.7513809,19.75402246,19.75648811,19.75878463,19.76092207,19.76283375,19.76459903,19.76621547,19.76770629,19.76910897,19.77044141,19.77170443,0.748682084,0.935842105,0.983509605,0.995699593,0.998863207,0.99968926,0.999905628,0.999963932,0.999980444,0.999985818,0.99998815,0.9999896,0.999990734,0.999991735,0.999992399,0.999992937,0.999993403,0.999993832,0.999994222,0.999994588,0.999994924,0.999995232,0.999995516,0.99999578,0.999996026,0.999996252,0.999996465,0.999996663,0.999996842,0.999997009,0.999997164,0.999997303,0.999997428,0.999997541,0.999997642,0.999997737,0.999997824,0.999997904,0.999997978,0.999998046,0.999998109,0.999998163,0.999998212,0.999998254,0.999998291,0.999998325,0.999998356,0.999998385,0.999998414,0.999998441,1.28E+15,2330722996,8.62E+20,1085083476,2.35E-10,0.726304489,9.16E+17,9.16089E+17,1234602334,1366386878,2330722996,7961137753,8.62E+20,8.39E+35,6594750875,3297375437,713.4295036,0.004205033,0.071080028,Metagenome
SRR3951966,1.944077437,3.864155232,5.777378268,7.686475482,9.592133242,11.48851879,13.35467525,15.11499067,16.56897153,17.51101052,17.98226609,18.18148162,18.26443163,18.30586141,18.33373212,18.35724619,18.37904532,18.39989448,18.42032134,18.44038663,18.46013899,18.47960312,18.498862,18.51790616,18.53672851,18.55528329,18.57367438,18.59189973,18.6099494,18.62780567,18.64546694,18.66297537,18.68033558,18.69756779,18.71463875,18.73155446,18.74834452,18.76501469,18.78157638,18.79801524,18.81428757,18.83042028,18.84641129,18.8622742,18.87804675,18.89370428,18.90921431,18.92460601,18.93982585,18.95492603,0.730408512,0.924805627,0.978775153,0.99395697,0.998274156,0.999503524,0.999854356,0.99995509,0.999983976,0.999992283,0.999994746,0.999995518,0.999995798,0.999995932,0.999996016,0.999996082,0.999996141,0.999996196,0.999996248,0.999996299,0.999996348,0.999996396,0.999996443,0.999996489,0.999996534,0.999996578,0.999996621,0.999996664,0.999996706,0.999996747,0.999996788,0.999996828,0.999996868,0.999996907,0.999996945,0.999996983,0.99999702,0.999997057,0.999997094,0.99999713,0.999997166,0.999997201,0.999997235,0.999997269,0.999997303,0.999997337,0.99999737,0.999997402,0.999997434,0.999997466,1.91E+16,31807507801,1.29E+22,15605870093,1.57E-11,0.236597734,1.37E+19,1.37263E+19,16824422023,18634843234,31807507801,1.09E+11,1.29E+22,1.88E+38,89941603234,44970801617,717.4026658,0.004181745,0.070958077,SAGs
ERR868360,1.999838806,3.989279289,5.975595908,7.955020095,9.929958152,11.89843067,13.8448129,15.73617833,17.40014438,18.44987851,18.89083819,19.03871689,19.08608483,19.10356721,19.11191967,19.11724737,19.12127483,19.12461586,19.12751898,19.13011475,19.13241753,19.13448748,19.13635317,19.13803156,19.13950173,19.14083303,19.14206652,19.14321301,19.14425921,19.14524673,19.14616841,19.14702504,19.14781601,19.14856154,19.14924699,19.14989817,19.15051666,19.15109756,19.15163119,19.15212391,19.15258681,19.15303077,19.15346791,19.15388243,19.15426953,19.15463657,19.15498808,19.1553284,19.1556573,19.15598162,0.749847933,0.936544818,0.983823338,0.995832528,0.998918812,0.999716737,0.999923253,0.999977743,0.999992259,0.999996197,0.999997334,0.9999977,0.999997837,0.999997907,0.999997954,0.99999799,0.999998019,0.999998043,0.999998064,0.999998083,0.999998099,0.999998113,0.999998126,0.999998137,0.999998147,0.999998156,0.999998165,0.999998173,0.99999818,0.999998187,0.999998193,0.999998199,0.999998204,0.999998209,0.999998214,0.999998218,0.999998223,0.999998227,0.99999823,0.999998234,0.999998237,0.999998241,0.999998244,0.999998247,0.99999825,0.999998253,0.999998255,0.999998258,0.99999826,0.999998262,5.45E+13,112781043.1,2.55E+19,40348109.76,3.59E-09,2.329647443,3.35E+16,3.35367E+16,60357668.74,66358331.9,112781043.1,384852951,2.55E+19,1.12E+33,318494619.1,159247309.6,615.7990346,0.004871709,0.070960176,Metagenome
SRR4176698,1.963086433,3.911191344,5.841816037,7.759109899,9.666945785,11.56457304,13.43846919,15.26133921,16.92955373,18.22229782,19.0040681,19.37061724,19.51049,19.56073763,19.57928988,19.58735595,19.59196634,19.59546699,19.59847803,19.60130143,19.60400654,19.60661789,19.60919474,19.6117067,19.61416351,19.61659506,19.61900346,19.62136866,19.62371315,19.62603043,19.62832154,19.63059715,19.63285963,19.63509901,19.6373151,19.63950895,19.64168682,19.64383742,19.64597143,19.64807716,19.65016154,19.6522221,19.65426178,19.65628648,19.65829073,19.66028049,19.66225404,19.66421922,19.66617688,19.6681235,0.737051529,0.929634531,0.980800203,0.994639371,0.998494014,0.999572432,0.999874553,0.999961729,0.99998702,0.99999443,0.999996716,0.999997458,0.999997722,0.999997834,0.99999789,0.999997922,0.999997945,0.999997964,0.999997979,0.999997993,0.999998006,0.999998019,0.999998031,0.999998042,0.999998053,0.999998065,0.999998076,0.999998087,0.999998098,0.999998109,0.999998119,0.99999813,0.999998141,0.999998151,0.999998161,0.999998172,0.999998182,0.999998191,0.999998201,0.999998211,0.999998221,0.99999823,0.99999824,0.999998249,0.999998258,0.999998267,0.999998276,0.999998285,0.999998294,0.999998303,1.27E+16,21328741983,8.61E+21,10413619037,2.38E-11,0.288841838,9.15E+18,9.15107E+18,11279669369,12490354176,21328741983,72825006810,8.61E+21,8.37E+37,60334652634,30167326317,719.9961049,0.004166682,0.071030869,Isolated
SRR3984885,1.977816081,3.933823115,5.885180158,7.827713003,9.766913806,11.70180954,13.62130925,15.50714771,17.25287716,18.57543894,19.30893251,19.61705178,19.72328387,19.75706745,19.76779976,19.77125574,19.77262554,19.77332583,19.77381361,19.77420112,19.77454481,19.77484426,19.77509585,19.77533528,19.7755363,19.77572439,19.77590183,19.77605898,19.77620514,19.77634311,19.77647494,19.77660404,19.7767262,19.77684743,19.77696014,19.77706934,19.77717247,19.77727393,19.77737213,19.7774635,19.77754849,19.77762922,19.77770638,19.77777213,19.77783532,19.77789395,19.77795233,19.77801034,19.77806522,19.77811995,0.741408219,0.931271359,0.981640855,0.995013261,0.998638492,0.999627206,0.999895449,0.999969961,0.999990752,0.999996526,0.999998179,0.999998657,0.999998795,0.999998838,0.999998853,0.999998859,0.999998863,0.999998865,0.999998868,0.99999887,0.999998871,0.999998873,0.999998874,0.999998875,0.999998876,0.999998877,0.999998877,0.999998878,0.999998879,0.999998879,0.99999888,0.99999888,0.99999888,0.999998881,0.999998881,0.999998882,0.999998882,0.999998882,0.999998883,0.999998883,0.999998883,0.999998884,0.999998884,0.999998884,0.999998884,0.999998884,0.999998885,0.999998885,0.999998885,0.999998885,8.70E+15,14190877046,5.90E+21,6891123706,3.45E-11,0.35673511,6.29E+18,6.28814E+18,7505731228,8313817060,14190877046,48446386881,5.90E+21,3.95E+37,40132569821,20066284910,722.8073858,0.004150477,0.070993624,Metagenome
SRR5925939,1.999240531,3.991929131,5.960316583,7.85365956,9.441580326,10.44033782,10.96187594,11.21558217,11.37067958,11.49577014,11.60276784,11.70288619,11.79375786,11.88043091,11.96007261,12.03583986,12.1078661,12.17784192,12.24623134,12.31400738,12.37929128,12.44317411,12.50418164,12.56417154,12.62187977,12.67804261,12.73032735,12.78116474,12.82817756,12.87403136,12.9187488,12.96318101,13.00658069,13.04944617,13.09197675,13.13412632,13.17525909,13.21571426,13.25563616,13.29536786,13.3347622,13.37238943,13.40980413,13.44687631,13.48382533,13.520352,13.55657684,13.59266389,13.62860578,13.66426609,0.749737338,0.936813042,0.98352693,0.995330092,0.998265909,0.999041344,0.999289726,0.999383783,0.999431627,0.999468056,0.999497068,0.999522058,0.999542283,0.999560872,0.9995767,0.999590528,0.999602346,0.999613565,0.999624429,0.999635059,0.999644712,0.999654178,0.999662763,0.999671145,0.999678454,0.999684813,0.999690123,0.999695359,0.999699267,0.999703099,0.99970686,0.999710554,0.999714013,0.999717434,0.999720837,0.99972419,0.999727519,0.999730818,0.999734104,0.999737347,0.999740562,0.999743076,0.999745566,0.999748021,0.999750466,0.999752886,0.999755282,0.999757667,0.999760034,0.999762388,4.56E+14,613277425.7,3.69E+20,199415983,7.90E-10,1.574258262,3.59E+17,3.59442E+17,327935519.2,361909569.2,613277425.7,2118050287,3.69E+20,1.29E+35,1756140718,878070358.9,788.2863373,0.003805719,0.071911125,Amplicon
SRR15833987,1.999227124,3.985520786,5.962871725,7.934764868,9.900804035,11.86213292,13.81223683,15.72676612,17.49102016,18.77062237,19.38323407,19.59404202,19.65690486,19.67574018,19.6822476,19.68542006,19.68759761,19.6894192,19.69109045,19.69270492,19.69426934,19.69578876,19.69725603,19.69868532,19.70005793,19.70138905,19.70269805,19.70397856,19.70522754,19.70644668,19.70764469,19.70882661,19.70999048,19.71113041,19.71224215,19.71333219,19.71440558,19.71546681,19.71650293,19.71750709,19.71849009,19.719464,19.72042604,19.72136774,19.72228376,19.72317859,19.72406206,19.72494316,19.72581514,19.72668246,0.749651385,0.936182787,0.983563561,0.99573703,0.99888601,0.999707283,0.999922114,0.999978551,0.999993414,0.99999734,0.999998385,0.999998667,0.999998744,0.999998768,0.999998776,0.999998781,0.999998784,0.999998787,0.999998789,0.999998792,0.999998794,0.999998796,0.999998798,0.9999988,0.999998802,0.999998804,0.999998805,0.999998807,0.999998809,0.99999881,0.999998812,0.999998813,0.999998815,0.999998816,0.999998817,0.999998819,0.99999882,0.999998821,0.999998822,0.999998824,0.999998825,0.999998826,0.999998827,0.999998828,0.999998829,0.99999883,0.999998831,0.999998833,0.999998834,0.999998835,3.38E+14,565663996.8,2.29E+20,244522089.5,8.77E-10,1.587626433,2.45E+17,2.45386E+17,301147948.5,331653289.1,565663996.8,1929757624,2.29E+20,6.02E+34,1598104335,799052167.6,726.2131302,0.004131012,0.071064142,Isolated
SRR1151141,1.990092652,3.9513185,5.899135727,7.840681656,9.777606797,11.70837856,13.62241925,15.47715738,17.11217285,18.23427358,18.78088927,18.98130026,19.04582874,19.06710962,19.07578282,19.08079057,19.08464567,19.08812046,19.09139009,19.09451882,19.0975785,19.10055257,19.1034724,19.10633167,19.10913088,19.11187976,19.11456305,19.11718816,19.11975468,19.12227339,19.1247364,19.12713924,19.12950453,19.13183448,19.1341426,19.13638779,19.13859142,19.14077507,19.14293308,19.14505433,19.14715092,19.14920619,19.15120016,19.15315458,19.15506912,19.15693699,19.15876919,19.1605678,19.16232458,19.16404258,0.744961468,0.932403154,0.98188084,0.995106626,0.998674203,0.999638667,0.999900039,0.999971179,0.999990642,0.999995997,0.999997488,0.999997909,0.999998035,0.999998077,0.999998094,0.999998105,0.999998113,0.999998121,0.999998127,0.999998134,0.99999814,0.999998146,0.999998152,0.999998158,0.999998163,0.999998169,0.999998174,0.999998179,0.999998185,0.99999819,0.999998194,0.999998199,0.999998204,0.999998208,0.999998213,0.999998217,0.999998222,0.999998226,0.99999823,0.999998234,0.999998238,0.999998242,0.999998246,0.999998249,0.999998253,0.999998256,0.99999826,0.999998263,0.999998266,0.99999827,1.53E+15,3867318345,6.90E+20,1846297125,1.32E-10,0.465063801,8.97E+17,8.97285E+17,2045734241,2264573367,3867318345,13206734442,6.90E+20,8.05E+35,10942161075,5471080538,586.6774407,0.00511353,0.070971663,Isolated
ERR2241636,1.993666262,3.976228965,5.951325515,7.916902039,9.878718682,11.83466618,13.77330227,15.67454538,17.43148712,18.72170725,19.36803359,19.60808104,19.68510064,19.71051003,19.72011964,19.72488277,19.72798709,19.73040531,19.73249854,19.73440194,19.73613743,19.73772156,19.73920679,19.74060265,19.74190484,19.74312553,19.74426196,19.74534052,19.74636298,19.7473342,19.74826522,19.74914358,19.74999677,19.75082808,19.75161826,19.75239053,19.7531439,19.75388161,19.75461003,19.75532021,19.75602536,19.7567187,19.75740374,19.7580829,19.75874882,19.75940642,19.76004875,19.76067311,19.76129177,19.76190314,0.747238034,0.935018164,0.983119175,0.995551067,0.998817761,0.999681403,0.999910611,0.999972684,0.999989894,0.999994912,0.999996595,0.999997301,0.999997682,0.999997931,0.99999811,0.999998239,0.999998328,0.999998396,0.999998449,0.999998491,0.999998527,0.999998556,0.99999858,0.9999986,0.999998618,0.999998633,0.999998645,0.999998656,0.999998666,0.999998674,0.999998682,0.999998689,0.999998696,0.999998702,0.999998708,0.999998714,0.999998719,0.999998724,0.99999873,0.999998735,0.99999874,0.999998744,0.999998749,0.999998754,0.999998759,0.999998763,0.999998768,0.999998772,0.999998776,0.999998781,2.90E+15,4646313955,1.98E+21,2198541589,1.04E-10,0.568062407,2.10E+18,2.10041E+18,2459426221,2722779756,4646313955,15869787061,1.98E+21,4.41E+36,13147007305,6573503652,724.6194251,0.004140098,0.070961083,Metagenome
SRR7040962,1.949843585,3.875973309,5.799350104,7.717957773,9.632653041,11.53950439,13.42755703,15.25603989,16.88781753,18.08030276,18.73604251,19.01482831,19.12147511,19.16774786,19.19482477,19.21560348,19.23400189,19.25118518,19.26746974,19.28298685,19.29785597,19.31217405,19.32595447,19.33920538,19.35185845,19.36399421,19.37563104,19.38683166,19.3975537,19.40788814,19.41781344,19.42738283,19.43656107,19.44542276,19.45394536,19.46217601,19.4700958,19.47775595,19.4851361,19.49226772,19.49918576,19.50585482,19.51228166,19.51848861,19.52446806,19.53025474,19.53587883,19.54128663,19.54650964,19.55156593,0.732693735,0.92661197,0.979888244,0.994442681,0.998460284,0.999569892,0.999877635,0.999964093,0.999988366,0.999995196,0.999997164,0.999997748,0.999997939,0.999998018,0.999998064,0.999998099,0.99999813,0.999998159,0.999998186,0.999998212,0.999998237,0.999998261,0.999998283,0.999998305,0.999998325,0.999998345,0.999998363,0.999998381,0.999998398,0.999998415,0.99999843,0.999998445,0.99999846,0.999998473,0.999998486,0.999998499,0.999998511,0.999998523,0.999998534,0.999998545,0.999998556,0.999998566,0.999998575,0.999998584,0.999998593,0.999998602,0.99999861,0.999998618,0.999998626,0.999998633,1.37E+16,24462229333,8.64E+21,11990600975,2.04E-11,0.256370602,9.53E+18,9.52898E+18,12938171471,14332533689,24462229333,83550294204,8.64E+21,9.08E+37,69217760515,34608880258,694.966027,0.00431675,0.071048015,SAGs
SRR5977663,1.999163251,3.990047306,5.964539917,7.854697266,9.469655212,10.56102408,11.15165505,11.48049228,11.67807824,11.83319439,11.96872558,12.08804788,12.19888759,12.30515746,12.40118837,12.49236936,12.57980191,12.662014,12.74022064,12.81585889,12.8897472,12.96126283,13.03122609,13.09912531,13.16513195,13.22896501,13.28995205,13.34907452,13.40591624,13.4615401,13.51570629,13.56906283,13.62148208,13.67288975,13.72338733,13.77336097,13.82097072,13.86718157,13.91286657,13.95790142,14.00260833,14.0465368,14.09020588,14.1331826,14.17590136,14.21790927,14.2596506,14.30098973,14.34193851,14.38210846,0.749709966,0.936692363,0.983646098,0.995356788,0.998319486,0.999101486,0.999334976,0.999427546,0.999472719,0.999506003,0.99953372,0.999556768,0.99957698,0.999596147,0.999610676,0.999623858,0.999635928,0.999645965,0.999654956,0.999663455,0.999671606,0.999679299,0.999686738,0.999693796,0.999700458,0.999706777,0.999712171,0.999717431,0.99972235,0.999727203,0.999731999,0.99973662,0.999741161,0.999745621,0.999750031,0.999754125,0.999757827,0.999761293,0.999764732,0.999768021,0.999771271,0.999774347,0.999777375,0.999780255,0.999783111,0.999785907,0.999788657,0.999791272,0.999793834,0.999796097,5.27E+14,696222360.8,4.31E+20,257372667.5,6.91E-10,1.628847968,4.17E+17,4.17366E+17,368520376.3,407245759.8,696222360.8,2357218528,4.31E+20,1.74E+35,1949972769,974986384.3,792.3490655,0.003786205,0.070848186,Amplicon
SRR7041187,1.922565023,3.82440419,5.722775677,7.615823092,9.504271511,11.38172228,13.23014503,14.99244605,16.5234104,17.62656232,18.25118103,18.53630549,18.65237386,18.70335664,18.73181213,18.7528481,18.77138053,18.78883329,18.80569872,18.82223125,18.83844155,18.85432405,18.86997412,18.88535414,18.90047148,18.91532235,18.92995928,18.94440515,18.95864328,18.97265175,18.9863966,18.99994406,19.01331235,19.02648453,19.03945379,19.05226099,19.0648634,19.07729054,19.08955269,19.10163671,19.11350706,19.12521784,19.1367878,19.14820982,19.15947187,19.17056645,19.18152689,19.19232163,19.20293288,19.21340712,0.723647008,0.922023688,0.978053348,0.993746718,0.998218636,0.999487697,0.999848677,0.999953626,0.999984051,0.999992891,0.999995542,0.999996363,0.999996638,0.999996754,0.999996821,0.999996871,0.999996917,0.999996959,0.999997001,0.999997041,0.99999708,0.999997119,0.999997156,0.999997193,0.999997229,0.999997264,0.999997298,0.999997332,0.999997366,0.999997398,0.99999743,0.999997461,0.999997491,0.999997521,0.99999755,0.999997579,0.999997607,0.999997635,0.999997662,0.999997689,0.999997715,0.999997741,0.999997766,0.999997791,0.999997816,0.99999784,0.999997864,0.999997887,0.99999791,0.999997932,2.15E+16,38097047363,1.37E+22,18779971659,1.32E-11,0.207636827,1.50E+19,1.50449E+19,20149833415,22321551494,38097047363,1.30E+11,1.37E+22,2.26E+38,1.08E+11,53876667159,698.8402879,0.004292819,0.071049684,SAGs
SRR6047118,2.000134636,3.988111376,5.972869126,7.946790627,9.911625397,11.85985793,13.7780773,15.66335018,17.47280149,18.99336496,19.90275813,20.28158615,20.41478086,20.46523673,20.48975189,20.50613338,20.51960458,20.53166268,20.54263883,20.55273436,20.56224707,20.57128203,20.57988941,20.58814941,20.5961122,20.60376544,20.61114026,20.61825292,20.62514212,20.63182199,20.6382884,20.64455155,20.65060572,20.65646689,20.66210987,20.66756284,20.67281254,20.67787922,20.68279545,20.68755737,20.69215801,20.69659811,20.70087516,20.70499818,20.70892642,20.71268409,20.7162776,20.71970928,20.72299484,20.72616769,0.749976268,0.936427437,0.983754764,0.995786324,0.998890788,0.999697487,0.999907991,0.999964666,0.999980801,0.999986065,0.999988335,0.999989676,0.999990706,0.999991591,0.999992152,0.999992595,0.999992993,0.999993367,0.999993714,0.999994043,0.999994353,0.999994645,0.999994923,0.999995184,0.999995431,0.999995666,0.999995892,0.999996107,0.999996312,0.999996507,0.999996694,0.999996869,0.999997036,0.999997193,0.99999734,0.99999748,0.999997613,0.99999774,0.99999786,0.999997975,0.999998082,0.999998182,0.999998272,0.999998355,0.999998432,0.999998505,0.999998573,0.999998638,0.999998698,0.999998755,2.40E+14,203343410.7,3.12E+20,65203298.9,2.51E-09,3.345453511,2.35E+17,2.3468E+17,108689094.1,120268312,203343410.7,693664956,3.12E+20,5.51E+34,573396644,286698322,977.1277294,0.00307022,0.070750071,Metagenome
SRR3453435,1.99693047,3.984124794,5.959450659,7.899711957,9.726568057,11.29598273,12.51330617,13.38840026,13.96944232,14.32636676,14.55985364,14.73437091,14.88180261,15.01491262,15.13797472,15.25372776,15.36276491,15.46626187,15.56453909,15.65710499,15.74461953,15.82780361,15.90694549,15.98308861,16.05616303,16.12649045,16.19460985,16.2600584,16.32339137,16.3849508,16.44501859,16.50328909,16.55976859,16.61488482,16.66881761,16.7216835,16.77339646,16.82411665,16.87392688,16.92269385,16.97009316,17.01626428,17.06136844,17.10561282,17.1490805,17.19181959,17.23375192,17.27486868,17.31496669,17.3543643,0.748929396,0.93604059,0.983459485,0.995535318,0.998612318,0.999409613,0.999625369,0.999696707,0.999728343,0.999748425,0.999764979,0.999779201,0.999791925,0.999803536,0.999814385,0.9998247,0.999834131,0.999842359,0.999849811,0.999856579,0.999862563,0.999868135,0.999873247,0.999878194,0.999882865,0.999887314,0.999891628,0.999895743,0.999899728,0.999903604,0.99990734,0.999910979,0.999914495,0.999917955,0.999921325,0.999924643,0.999927893,0.999931089,0.999934212,0.999937267,0.999940217,0.999943102,0.999945941,0.999948733,0.999951493,0.999954216,0.999956865,0.999958456,0.999959591,0.999960571,9.01E+15,6990668680,1.24E+22,1696410665,6.68E-11,0.650621435,9.33E+18,9.32568E+18,3698481053,4092409165,6990668680,23826902262,1.24E+22,8.70E+37,19734493097,9867246548,1034.618384,0.002899618,0.070970128,Amplicon
SRR3455014,1.998118929,3.974000267,5.892619956,7.690339406,9.101836659,10.07057746,10.74633489,11.2013686,11.47710211,11.65953052,11.80342342,11.92762106,12.04052288,12.14562997,12.24668437,12.3431359,12.43413538,12.52229592,12.60782772,12.69133446,12.77298564,12.85269508,12.93109157,13.00776323,13.08318654,13.15655675,13.22883492,13.29922507,13.36852046,13.436452,13.50347093,13.569582,13.63450739,13.69841423,13.76140329,13.82339257,13.8846387,13.94456574,14.00367706,14.06195656,14.11929699,14.17608382,14.23186458,14.2868515,14.34073601,14.39349165,14.44546165,14.4963836,14.54659797,14.59616578,0.749315716,0.935344364,0.982287334,0.994514021,0.997544831,0.998281336,0.99853639,0.998660429,0.998730866,0.998787955,0.998839328,0.998885763,0.998927923,0.998966976,0.999004914,0.999039855,0.999071302,0.99910201,0.999131846,0.999160961,0.999188536,0.999215406,0.999240419,0.999264108,0.999286921,0.999308579,0.999329672,0.999349992,0.999369618,0.999388737,0.99940746,0.999425838,0.999443494,0.999460626,0.999477238,0.999493181,0.999508808,0.999523419,0.999537752,0.999551466,0.999564737,0.999577694,0.999589918,0.999601713,0.999612688,0.999623323,0.999633574,0.999642738,0.999651717,0.999660494,6.81E+14,1124716319,4.61E+20,335135068.1,4.43E-10,0.808001648,4.90E+17,4.9023E+17,596714407.5,660095800.2,1124716319,3857423946,4.61E+20,2.40E+35,3197328145,1598664073,719.7256382,0.004168248,0.071113026,Amplicon
SRR14301279,1.912248868,3.815992556,5.716828563,7.612319391,9.502642483,11.38488599,13.24572302,15.05524667,16.73087506,18.10378495,19.01161353,19.47750466,19.6697428,19.7420969,19.77057099,19.7845802,19.79400738,19.80174019,19.80887704,19.81575719,19.82243174,19.82893501,19.8353055,19.84154675,19.84769488,19.85375159,19.85975439,19.86566487,19.87151562,19.87728615,19.88300717,19.88867101,19.89427342,19.89981516,19.90529956,19.9106954,19.91602741,19.92130879,19.92653025,19.93168605,19.93678105,19.94183153,19.94684095,19.95180783,19.95672875,19.96160852,19.96643276,19.9712191,19.97595726,19.98066092,0.719848259,0.92044238,0.977468318,0.993558559,0.998152333,0.999466528,0.999842483,0.999951693,0.999983468,0.999992778,0.999995571,0.999996432,0.999996716,0.999996834,0.999996896,0.99999694,0.999996979,0.999997015,0.999997049,0.999997083,0.999997116,0.999997148,0.99999718,0.999997211,0.999997241,0.999997271,0.9999973,0.999997329,0.999997358,0.999997386,0.999997413,0.999997441,0.999997468,0.999997494,0.999997521,0.999997546,0.999997572,0.999997596,0.999997621,0.999997645,0.999997669,0.999997693,0.999997717,0.99999774,0.999997763,0.999997785,0.999997808,0.99999783,0.999997851,0.999997872,1.19E+17,1.25E+11,1.29E+23,61674069553,4.01E-12,0.18859361,1.08E+20,1.08435E+20,65983077157,73092181954,1.25E+11,4.26E+11,1.29E+23,1.18E+40,3.53E+11,1.76E+11,907.4784576,0.00330586,0.070988749,Isolated
SRR7026260,1.99036503,3.953109246,5.902574696,7.827767334,9.72701113,11.58296976,13.37870524,15.10728715,16.67571506,17.82786894,18.45055605,18.72275607,18.835564,18.8902764,18.92484811,18.95143242,18.97429195,18.99501682,19.0142168,19.0321819,19.04915541,19.06517481,19.08045645,19.09512043,19.10916751,19.12266715,19.13572893,19.14842219,19.16084108,19.17301486,19.18494959,19.1967121,19.20833617,19.21982989,19.23122409,19.2425404,19.25379823,19.26498571,19.27611517,19.28716112,19.29813407,19.3090549,19.3199256,19.33073617,19.34151481,19.35224141,19.36292673,19.37356856,19.38416712,19.39468698,0.746674871,0.933350716,0.982049532,0.9948397,0.998340034,0.999341491,0.99965237,0.999768769,0.999825053,0.999859963,0.999885861,0.999905726,0.999920823,0.999932038,0.999940045,0.999945963,0.999950316,0.999953612,0.999956085,0.999958005,0.999959536,0.999960804,0.999961899,0.999962874,0.99996377,0.999964609,0.999965409,0.999966185,0.999966946,0.999967695,0.999968432,0.99996916,0.99996988,0.999970593,0.999971296,0.999971991,0.999972682,0.999973369,0.999974052,0.999974729,0.999975397,0.999976059,0.999976717,0.999977368,0.999978016,0.99997866,0.9999793,0.999979933,0.999980561,0.999981179,3.25E+15,5472522593,2.22E+21,2424285527,9.28E-11,0.380328449,2.36E+18,2.35599E+18,2895877252,3207233459,5472522593,18684636641,2.22E+21,5.55E+36,15477403182,7738701591,724.2727075,0.004142079,0.071000868,Metagenome
SRR9067250,1.995479831,3.978002133,5.953223159,7.918543128,9.878739493,11.83266756,13.77236095,15.67150505,17.41550672,18.68137997,19.2948618,19.51096869,19.57786581,19.5998329,19.60879758,19.61413921,19.61829721,19.62202957,19.62557769,19.62899942,19.63232306,19.63555341,19.63861509,19.64151541,19.64432209,19.64703603,19.64967841,19.65224768,19.65477788,19.65724453,19.65964875,19.66197608,19.66425079,19.66646007,19.6686191,19.67068459,19.67264224,19.67451937,19.67632339,19.67808704,19.67981411,19.68149541,19.68311587,19.68465214,19.68613687,19.68759594,19.68903906,19.69047211,19.69187708,19.69324938,0.748403507,0.935529188,0.983344085,0.995651403,0.998857921,0.99969799,0.999918589,0.999976864,0.999992347,0.999996509,0.999997665,0.999998016,0.999998145,0.999998213,0.999998261,0.999998301,0.999998338,0.999998373,0.999998406,0.999998438,0.999998464,0.999998487,0.999998508,0.999998527,0.999998544,0.999998561,0.999998578,0.999998594,0.999998609,0.999998624,0.999998636,0.999998648,0.999998659,0.99999867,0.999998679,0.999998687,0.999998694,0.999998701,0.999998707,0.999998713,0.999998718,0.999998723,0.999998728,0.999998732,0.999998737,0.999998741,0.999998745,0.999998749,0.999998753,0.999998756,1.52E+15,2525485802,1.02E+21,1178315864,1.95E-10,0.735506559,1.09E+18,1.08965E+18,1337416297,1480053106,2525485802,8621856160,1.02E+21,1.19E+36,7141803054,3570901527,718.4551793,0.004175619,0.071001415,Isolated
ERR1305904,1.992490606,3.976169589,5.948550113,7.912422703,9.873175735,11.82831947,13.7663201,15.65265148,17.32387354,18.43191944,18.92113548,19.08338963,19.13186971,19.14634773,19.15082674,19.15253652,19.15345995,19.15412229,19.15465339,19.15514567,19.15560297,19.15605196,19.15647903,19.15688755,19.15727602,19.1576573,19.15802579,19.15838559,19.15873778,19.15907512,19.15939676,19.159701,19.15999845,19.1602925,19.16057638,19.16084668,19.16111231,19.16137115,19.1616266,19.16187866,19.16212732,19.16237259,19.16261108,19.16284278,19.16306769,19.16328242,19.16349376,19.16369832,19.16390287,19.16410403,0.747238312,0.935291106,0.983214684,0.995600583,0.998841974,0.999693491,0.99991734,0.999976686,0.999992482,0.999996705,0.999997842,0.999998151,0.999998238,0.999998263,0.999998271,0.999998274,0.999998276,0.999998277,0.999998279,0.999998279,0.99999828,0.999998281,0.999998282,0.999998283,0.999998284,0.999998284,0.999998285,0.999998286,0.999998286,0.999998287,0.999998287,0.999998288,0.999998288,0.999998289,0.999998289,0.99999829,0.99999829,0.999998291,0.999998291,0.999998292,0.999998292,0.999998292,0.999998293,0.999998293,0.999998294,0.999998294,0.999998294,0.999998295,0.999998295,0.999998295,7.17E+14,1931428722,3.10E+20,901898761.2,2.74E-10,0.644952712,4.09E+17,4.08795E+17,1022388453,1131581924,1931428722,6596855384,3.10E+20,1.67E+35,5465273460,2732636730,570.4144676,0.005259319,0.070911714,Metagenome
SRR7041054,1.999583595,3.97934855,5.953083688,7.921527041,9.884722657,11.841137,13.77917815,15.65668292,17.31434793,18.41844543,18.91178342,19.08265526,19.14168957,19.16787234,19.18423201,19.19754087,19.20985459,19.22161067,19.23299893,19.24407476,19.25487098,19.26540022,19.27565108,19.28568387,19.29545809,19.3049905,19.31435395,19.32350903,19.33242052,19.34114303,19.34962395,19.35793257,19.36608281,19.37402596,19.38179577,19.38938804,19.39682257,19.40409042,19.41117709,19.41812774,19.42494842,19.43161366,19.43814946,19.44455824,19.4508566,19.45700537,19.46304441,19.46898699,19.47480476,19.48050392,0.749781599,0.935837874,0.983409078,0.995677964,0.998866438,0.999701082,0.999919569,0.999977115,0.999992339,0.999996375,0.999997465,0.999997777,0.999997881,0.999997928,0.999997958,0.999997983,0.999998007,0.999998029,0.999998051,0.999998071,0.999998092,0.999998111,0.99999813,0.999998149,0.999998167,0.999998184,0.999998201,0.999998218,0.999998234,0.99999825,0.999998266,0.99999828,0.999998295,0.999998309,0.999998323,0.999998337,0.99999835,0.999998363,0.999998375,0.999998387,0.999998399,0.999998411,0.999998422,0.999998433,0.999998444,0.999998455,0.999998465,0.999998475,0.999998485,0.999998495,1.81E+14,328718814.3,1.09E+20,130194303.4,1.57E-09,2.054172359,1.20E+17,1.20292E+17,175052924,192845337.7,328718814.3,1122522438,1.09E+20,1.45E+34,929677100,464838550,664.9829608,0.004511386,0.071011495,SAGs
SRR7216399,1.971806874,3.923407263,5.857875895,7.774646583,9.661469166,11.51360173,13.32639949,15.08403106,16.69828086,17.97076756,18.75472813,19.12977827,19.2825343,19.3453991,19.37639449,19.39644359,19.41267266,19.4272442,19.44093561,19.45396656,19.46649638,19.47858256,19.49030685,19.50160398,19.51234949,19.52258116,19.53243139,19.54198852,19.55124567,19.56022044,19.56891275,19.57731784,19.58544233,19.59327852,19.60091014,19.6082867,19.61544972,19.62241114,19.62920242,19.63583764,19.64229884,19.64857153,19.65464882,19.66057574,19.66636155,19.67201118,19.67750767,19.68274624,19.68769863,19.69232784,0.738101378,0.930258195,0.981119676,0.99474208,0.998495505,0.999542822,0.999837476,0.999925451,0.999953568,0.999964017,0.999969152,0.9999725,0.999975156,0.999977435,0.999979502,0.999981362,0.999983048,0.999984567,0.999985942,0.999987226,0.999988186,0.999988982,0.999989681,0.999990306,0.999990875,0.999991407,0.999991893,0.999992341,0.999992746,0.999993125,0.999993479,0.999993809,0.999994119,0.999994405,0.999994682,0.999994943,0.999995197,0.999995439,0.99999567,0.999995893,0.999996102,0.999996303,0.999996496,0.999996682,0.999996861,0.999997019,0.99999715,0.99999726,0.999997361,0.999997454,1.21E+16,20036594121,8.19E+21,9655620935,2.48E-11,0.302541923,8.73E+18,8.72696E+18,10600562855,11739925891,20036594121,68416532053,8.19E+21,7.62E+37,56676606162,28338303081,722.1266425,0.004154389,0.070996996,Isolated
SRR7040864,1.911891737,3.801170097,5.685101223,7.562672588,9.437053727,11.30231477,13.14424125,14.91236834,16.46715432,17.61966137,18.31241,18.66129701,18.81807552,18.88814332,18.92280884,18.94456427,18.96125656,18.97606558,18.99009189,19.00367648,19.01699456,19.03005213,19.04282822,19.05539247,19.06775187,19.07990475,19.09188103,19.10363862,19.11521246,19.12659837,19.13780915,19.14881664,19.15965607,19.17033528,19.18087127,19.19125144,19.20145469,19.21150028,19.22140246,19.23115921,19.24079461,19.25030746,19.25969742,19.26893641,19.27803951,19.28702525,19.29587966,19.30459422,19.31318859,19.32166566,0.720001369,0.91878803,0.976261065,0.99294456,0.997895624,0.999365882,0.999804925,0.999938666,0.999979262,0.999991655,0.999995549,0.999996789,0.9999972,0.999997354,0.999997424,0.999997468,0.999997502,0.999997532,0.999997561,0.999997589,0.999997616,0.999997642,0.999997668,0.999997693,0.999997718,0.999997742,0.999997766,0.99999779,0.999997813,0.999997835,0.999997857,0.999997878,0.999997899,0.99999792,0.99999794,0.99999796,0.99999798,0.999997999,0.999998017,0.999998036,0.999998054,0.999998071,0.999998089,0.999998106,0.999998123,0.999998139,0.999998156,0.999998172,0.999998187,0.999998203,2.53E+16,44315250280,1.63E+22,21878951362,1.13E-11,0.193714609,1.78E+19,1.77617E+19,23435196597,25964560461,44315250280,1.51E+11,1.63E+22,3.15E+38,1.25E+11,62673801004,702.3295873,0.004271491,0.070962496,SAGs
SRR7527211,1.998190113,3.989525825,5.96978438,7.940721815,9.904524175,11.85644864,13.77118788,15.56773127,17.02141166,17.86150196,18.20179455,18.32051186,18.36762078,18.3941776,18.41478844,18.43349442,18.45166602,18.46947513,18.48704706,18.50441778,18.52159124,18.53858723,18.55539754,18.5720496,18.58856798,18.60494839,18.62119825,18.63735185,18.6533866,18.66927374,18.6850374,18.70068311,18.71619471,18.73158548,18.74685699,18.76201227,18.7770427,18.79193853,18.80674486,18.82142341,18.83600565,18.85047931,18.86481591,18.8790335,18.8930903,18.90703106,18.92086391,18.93455609,18.94812775,18.96160541,0.749178831,0.936476841,0.983679018,0.995772096,0.998894718,0.99970722,0.999919125,0.999974816,0.99998954,0.999993478,0.999994568,0.999994906,0.999995046,0.999995132,0.999995202,0.999995267,0.999995331,0.999995392,0.999995453,0.999995512,0.99999557,0.999995628,0.999995684,0.999995739,0.999995794,0.999995847,0.999995901,0.999995953,0.999996005,0.999996056,0.999996107,0.999996156,0.999996206,0.999996254,0.999996302,0.99999635,0.999996397,0.999996443,0.999996488,0.999996533,0.999996578,0.999996622,0.999996665,0.999996708,0.99999675,0.999996791,0.999996832,0.999996873,0.999996913,0.999996952,7.48E+14,1322643415,4.99E+20,598517084.6,3.95E-10,1.087492108,5.36E+17,5.35919E+17,702185910.7,775762245.4,1322643415,4518488359,4.99E+20,2.87E+35,3742726113,1871363057,716.2321654,0.004188579,0.07105812,SAGs
SRR1713535,1.980186169,3.938549148,5.889012776,7.833899838,9.770150944,11.68444118,13.53801741,15.17332127,16.27317243,16.78972488,16.97683754,17.03770742,17.05915103,17.06865798,17.07475054,17.07981024,17.08444555,17.08889487,17.09318873,17.09740705,17.10151827,17.10554972,17.10948287,17.11335747,17.11713973,17.1208521,17.1245245,17.12813859,17.13171252,17.1352305,17.1386671,17.14204429,17.14534589,17.1484709,17.15151287,17.1544826,17.15736381,17.16014938,17.16290328,17.16552315,17.16803494,17.17046172,17.17279516,17.17510197,17.17737709,17.17961551,17.18178726,17.1839057,17.18598415,17.1879826,0.74187639,0.931569483,0.9816794,0.995051336,0.998651125,0.999624249,0.999888172,0.999960219,0.999979974,0.999985549,0.999987225,0.999987837,0.999988148,0.999988364,0.999988555,0.999988732,0.999988903,0.99998907,0.999989234,0.999989398,0.999989557,0.999989711,0.999989861,0.999990009,0.999990152,0.999990294,0.999990436,0.999990578,0.999990719,0.999990857,0.999990993,0.999991126,0.999991257,0.999991383,0.999991505,0.999991623,0.999991739,0.999991854,0.999991969,0.99999208,0.999992189,0.999992298,0.999992406,0.999992514,0.999992622,0.999992729,0.999992836,0.999992942,0.999993049,0.999993154,3.74E+13,373189003.1,4.20E+18,174660168.8,1.34E-09,0.401530522,1.10E+16,1.09643E+16,197486744.2,218745927.8,373189003.1,1272281542,4.20E+18,1.20E+32,1053535615,526767807.3,293.2667373,0.010229493,0.071177512,Isolated
SRR5923239,1.998095413,3.98380454,5.934198289,7.794400577,9.432478682,10.75271905,11.78553108,12.54085834,13.03113812,13.34053506,13.56584164,13.75470229,13.92401174,14.08110348,14.2284588,14.36821772,14.4981394,14.6211342,14.73879229,14.85208352,14.96062963,15.06536797,15.16679365,15.26529458,15.36117829,15.45319147,15.54295217,15.63011631,15.71498592,15.79712737,15.87760244,15.95626937,16.03271944,16.10662934,16.17841899,16.24837716,16.31677785,16.3832991,16.44856567,16.51228601,16.57475275,16.63599421,16.69541506,16.75358066,16.8105008,16.86602253,16.92014295,16.97288616,17.02454632,17.07503426,0.749331232,0.936141212,0.983002543,0.994953495,0.998035022,0.99883599,0.999095173,0.999209801,0.999279626,0.999337066,0.999387546,0.999434072,0.999477818,0.999519733,0.999559869,0.999597376,0.999626184,0.999652047,0.999676547,0.999699718,0.999720927,0.999740708,0.999759377,0.999776302,0.999791593,0.999804102,0.999815605,0.999826204,0.999836123,0.999845103,0.999853669,0.99986193,0.999869622,0.999876522,0.999883138,0.999889418,0.999895436,0.999901012,0.999906455,0.999911626,0.999916443,0.999921012,0.999925076,0.999928954,0.999932607,0.999936103,0.999939413,0.999942475,0.999945399,0.999947955,6.51E+14,1091166744,4.43E+20,482408698.5,4.63E-10,0.805796644,4.71E+17,4.70566E+17,579974190,640332661.5,1091166744,3740423000,4.43E+20,2.21E+35,3100090338,1550045169,723.0380628,0.004149152,0.071170503,Amplicon
RR1196387,1.99592431,3.984149895,5.94068979,7.777765134,9.348481358,10.52909299,11.3494595,11.91034734,12.29683414,12.59094971,12.83274784,13.04312169,13.23078733,13.40424031,13.56460795,13.71399207,13.85334885,13.98538431,14.10982944,14.22700347,14.33762484,14.4426417,14.54272737,14.6377945,14.7291989,14.81681765,14.89855583,14.97709326,15.05213992,15.12442106,15.1947055,15.26352588,15.33010781,15.39418606,15.45613223,15.51650488,15.57468721,15.63136095,15.68688617,15.74104416,15.79381243,15.84508581,15.8952961,15.94453079,15.99228285,16.03851324,16.08380802,16.12812602,16.1717209,16.21450195,0.748614867,0.93616185,0.98316551,0.99488843,0.997971272,0.998852651,0.999166941,0.999329051,0.999427494,0.999494644,0.999548727,0.99959253,0.999628783,0.999660965,0.999688663,0.99971324,0.999735056,0.999754719,0.999771281,0.999786783,0.999801146,0.999814366,0.999826785,0.99983687,0.999845858,0.999854099,0.999860933,0.999866995,0.999872565,0.999877785,0.999882837,0.999887694,0.999892365,0.999896446,0.999900227,0.9999038,0.999907181,0.99991028,0.999913301,0.999916123,0.999918846,0.999921308,0.999923697,0.99992601,0.999928216,0.999930283,0.999932282,0.99993421,0.999936106,0.999937946,2.17E+15,3052961392,1.71E+21,561955207.6,1.62E-10,0.564182891,1.69E+18,1.68586E+18,1614719855,1792981220,3052961392,10435966876,1.71E+21,2.84E+36,8642985656,4321492828,778.052125,0.003855777,0.071045121,Amplicon
SRR4069252,1.935551797,3.825798571,5.698117689,7.541374089,9.36801844,11.17363636,12.94156242,14.65706568,16.25363292,17.59068175,18.53065401,19.05780175,19.29388592,19.39407031,19.43789539,19.46042139,19.47541199,19.48720117,19.49729431,19.50640066,19.5147977,19.52254594,19.52986083,19.53681873,19.54345142,19.54982054,19.55596172,19.56193007,19.56767981,19.57326276,19.57871494,19.58403566,19.5892509,19.59434394,19.59934346,19.60425515,19.60910946,19.61390923,19.61865739,19.62335204,19.62800017,19.63260362,19.63715871,19.64167097,19.64614734,19.65059322,19.65499705,19.65936944,19.66371045,19.66803553,0.721403171,0.921142629,0.977505229,0.993274862,0.997949088,0.999338593,0.999751772,0.999886999,0.999934922,0.999954613,0.999965079,0.999971688,0.99997631,0.9999797,0.999982203,0.999984063,0.999985423,0.999986456,0.999987253,0.999987905,0.999988465,0.999988941,0.999989368,0.999989761,0.999990126,0.999990471,0.9999908,0.999991113,0.999991409,0.999991695,0.999991973,0.999992242,0.999992504,0.999992756,0.999993001,0.99999324,0.999993474,0.999993702,0.999993924,0.999994139,0.999994349,0.99999455,0.999994745,0.999994937,0.999995124,0.999995308,0.999995486,0.99999566,0.99999583,0.999995996,3.04E+16,50464594620,2.06E+22,24838952594,9.94E-12,0.17255664,2.19E+19,2.1918E+19,26684863944,29556104163,50464594620,1.72E+11,2.06E+22,4.80E+38,1.43E+11,71335788868,721.3750493,0.004158717,0.070993379,Isolated
SRR12778130,1.938794507,3.858773548,5.762671932,7.638278055,9.48571383,11.29471779,13.05558898,14.77175838,16.40412152,17.83129218,18.90383892,19.56058288,19.88450571,20.03204972,20.10386709,20.14649814,20.17835104,20.20529581,20.22934224,20.25112169,20.27118478,20.2898216,20.30736654,20.32405342,20.34006191,20.35549719,20.37046156,20.38501442,20.39915431,20.41291511,20.42631978,20.43930979,20.45188855,20.46403946,20.47579422,20.48718688,20.49818283,20.50882944,20.51910052,20.52903622,20.538652,20.54797746,20.55701604,20.56577126,20.57426728,20.58245644,20.59029581,20.5978122,20.60508542,20.61214,0.729323547,0.925522235,0.979254759,0.993965526,0.998192042,0.999417171,0.999775605,0.999889681,0.999930131,0.999947214,0.999956471,0.999962276,0.999966445,0.99996967,0.999971803,0.999973398,0.999974765,0.999976012,0.999977158,0.999978205,0.999979183,0.999980107,0.999980991,0.99998184,0.999982667,0.999983457,0.999984217,0.999984951,0.999985663,0.999986343,0.999986999,0.999987611,0.999988197,0.999988751,0.999989284,0.999989801,0.999990295,0.99999077,0.999991231,0.999991672,0.9999921,0.99999251,0.999992852,0.99999316,0.999993446,0.999993723,0.99999399,0.99999425,0.999994504,0.999994753,1.63E+17,1.35E+11,2.20E+23,66364780506,3.69E-12,0.18295327,1.66E+20,1.65922E+20,71336787781,79013574126,1.35E+11,4.60E+11,2.20E+23,2.75E+40,3.81E+11,1.91E+11,1017.502492,0.002948393,0.070989101,Isolated
